{"keyset":{"lweSecretKeys":[{"id":0,"params":{"lweDimension":1536,"integerPrecision":64,"keyType":"binary"}},{"id":1,"params":{"lweDimension":588,"integerPrecision":64,"keyType":"binary"}},{"id":2,"params":{"lweDimension":2048,"integerPrecision":64,"keyType":"binary"}},{"id":3,"params":{"lweDimension":603,"integerPrecision":64,"keyType":"binary"}}],"lweBootstrapKeys":[{"id":0,"inputId":1,"outputId":0,"params":{"levelCount":3,"baseLog":9,"glweDimension":6,"polynomialSize":256,"variance":7.0406309659297542e-23,"integerPrecision":64,"modulus":{"modulus":{"native":{}}},"keyType":"binary","inputLweDimension":588},"compression":"seed"},{"id":1,"inputId":3,"outputId":2,"params":{"levelCount":4,"baseLog":9,"glweDimension":4,"polynomialSize":512,"variance":8.4422531129329586e-31,"integerPrecision":64,"modulus":{"modulus":{"native":{}}},"keyType":"binary","inputLweDimension":603},"compression":"seed"}],"lweKeyswitchKeys":[{"id":0,"inputId":0,"outputId":1,"params":{"levelCount":3,"baseLog":3,"variance":3.266794580621669e-08,"integerPrecision":64,"modulus":{"modulus":{"native":{}}},"keyType":"binary","inputLweDimension":1536,"outputLweDimension":588},"compression":"seed"},{"id":1,"inputId":0,"outputId":3,"params":{"levelCount":5,"baseLog":2,"variance":1.9145062608839312e-08,"integerPrecision":64,"modulus":{"modulus":{"native":{}}},"keyType":"binary","inputLweDimension":1536,"outputLweDimension":603},"compression":"seed"},{"id":2,"inputId":2,"outputId":0,"params":{"levelCount":2,"baseLog":12,"variance":7.0406309659297542e-23,"integerPrecision":64,"modulus":{"modulus":{"native":{}}},"keyType":"binary","inputLweDimension":2048,"outputLweDimension":1536},"compression":"seed"}],"packingKeyswitchKeys":[]},"circuits":[{"inputs":[{"rawInfo":{"shape":{"dimensions":[1,57,3]},"integerPrecision":64,"isSigned":false},"typeInfo":{"lweCiphertext":{"abstractShape":{"dimensions":[1,57]},"concreteShape":{"dimensions":[1,57,3]},"integerPrecision":64,"encryption":{"keyId":0,"variance":7.0406309659297542e-23,"lweDimension":1536,"modulus":{"modulus":{"native":{}}}},"compression":"seed","encoding":{"integer":{"width":12,"isSigned":false,"mode":{"native":{}}}}}}}],"outputs":[{"rawInfo":{"shape":{"dimensions":[1,2,1,2049]},"integerPrecision":64,"isSigned":false},"typeInfo":{"lweCiphertext":{"abstractShape":{"dimensions":[1,2,1]},"concreteShape":{"dimensions":[1,2,1,2049]},"integerPrecision":64,"encryption":{"keyId":2,"variance":8.4422531129329586e-31,"lweDimension":2048,"modulus":{"modulus":{"native":{}}}},"compression":"none","encoding":{"integer":{"width":10,"isSigned":false,"mode":{"native":{}}}}}}}],"name":"main"}]}