{
  "circuitFeedbacks": [
    {
      "crtDecompositionsOfOutputs": [
        []
      ],
      "memoryUsagePerLoc": {
        "loc(\"/Users/mulan/Library/Python/3.9/lib/python/site-packages/concrete/ml/onnx/onnx_impl_utils.py\":257:0)": 45708689,
        "loc(\"/Users/mulan/Library/Python/3.9/lib/python/site-packages/concrete/ml/onnx/ops_impl.py\":1172:0)": 3459848,
        "loc(\"/Users/mulan/Library/Python/3.9/lib/python/site-packages/concrete/ml/onnx/ops_impl.py\":1232:0)": 2651664,
        "loc(\"/Users/mulan/Library/Python/3.9/lib/python/site-packages/concrete/ml/onnx/ops_impl.py\":1247:0)": 65568,
        "loc(\"/Users/mulan/Library/Python/3.9/lib/python/site-packages/concrete/ml/onnx/ops_impl.py\":291:0)": 1401744,
        "loc(\"/Users/mulan/Library/Python/3.9/lib/python/site-packages/concrete/ml/onnx/ops_impl.py\":294:0)": 3003872,
        "loc(\"/Users/mulan/Library/Python/3.9/lib/python/site-packages/concrete/ml/onnx/ops_impl.py\":314:0)": 4631452,
        "loc(\"/Users/mulan/Library/Python/3.9/lib/python/site-packages/concrete/ml/onnx/ops_impl.py\":924:0)": 2701592,
        "loc(unknown)": 32784
      },
      "name": "main",
      "statistics": [
        {
          "count": 3648,
          "keys": [
            [
              "SECRET",
              0
            ]
          ],
          "location": "loc(\"/Users/mulan/Library/Python/3.9/lib/python/site-packages/concrete/ml/onnx/ops_impl.py\":294:0)",
          "operation": "CLEAR_MULTIPLICATION"
        },
        {
          "count": 3648,
          "keys": [
            [
              "SECRET",
              0
            ]
          ],
          "location": "loc(\"/Users/mulan/Library/Python/3.9/lib/python/site-packages/concrete/ml/onnx/ops_impl.py\":294:0)",
          "operation": "ENCRYPTED_ADDITION"
        },
        {
          "count": 64,
          "keys": [
            [
              "SECRET",
              0
            ]
          ],
          "location": "loc(\"/Users/mulan/Library/Python/3.9/lib/python/site-packages/concrete/ml/onnx/onnx_impl_utils.py\":257:0)",
          "operation": "ENCRYPTED_NEGATION"
        },
        {
          "count": 64,
          "keys": [
            [
              "SECRET",
              0
            ]
          ],
          "location": "loc(\"/Users/mulan/Library/Python/3.9/lib/python/site-packages/concrete/ml/onnx/onnx_impl_utils.py\":257:0)",
          "operation": "CLEAR_ADDITION"
        },
        {
          "count": 64,
          "keys": [
            [
              "SECRET",
              0
            ]
          ],
          "location": "loc(\"/Users/mulan/Library/Python/3.9/lib/python/site-packages/concrete/ml/onnx/onnx_impl_utils.py\":257:0)",
          "operation": "CLEAR_MULTIPLICATION"
        },
        {
          "count": 64,
          "keys": [
            [
              "SECRET",
              0
            ]
          ],
          "location": "loc(\"/Users/mulan/Library/Python/3.9/lib/python/site-packages/concrete/ml/onnx/onnx_impl_utils.py\":257:0)",
          "operation": "CLEAR_ADDITION"
        },
        {
          "count": 64,
          "keys": [
            [
              "KEY_SWITCH",
              0
            ]
          ],
          "location": "loc(\"/Users/mulan/Library/Python/3.9/lib/python/site-packages/concrete/ml/onnx/onnx_impl_utils.py\":257:0)",
          "operation": "KEY_SWITCH"
        },
        {
          "count": 64,
          "keys": [
            [
              "BOOTSTRAP",
              0
            ]
          ],
          "location": "loc(\"/Users/mulan/Library/Python/3.9/lib/python/site-packages/concrete/ml/onnx/onnx_impl_utils.py\":257:0)",
          "operation": "PBS"
        },
        {
          "count": 64,
          "keys": [
            [
              "SECRET",
              0
            ]
          ],
          "location": "loc(\"/Users/mulan/Library/Python/3.9/lib/python/site-packages/concrete/ml/onnx/onnx_impl_utils.py\":257:0)",
          "operation": "CLEAR_ADDITION"
        },
        {
          "count": 64,
          "keys": [
            [
              "SECRET",
              0
            ]
          ],
          "location": "loc(\"/Users/mulan/Library/Python/3.9/lib/python/site-packages/concrete/ml/onnx/onnx_impl_utils.py\":257:0)",
          "operation": "ENCRYPTED_NEGATION"
        },
        {
          "count": 64,
          "keys": [
            [
              "SECRET",
              0
            ]
          ],
          "location": "loc(\"/Users/mulan/Library/Python/3.9/lib/python/site-packages/concrete/ml/onnx/onnx_impl_utils.py\":257:0)",
          "operation": "ENCRYPTED_ADDITION"
        },
        {
          "count": 64,
          "keys": [
            [
              "SECRET",
              0
            ]
          ],
          "location": "loc(\"/Users/mulan/Library/Python/3.9/lib/python/site-packages/concrete/ml/onnx/onnx_impl_utils.py\":257:0)",
          "operation": "CLEAR_MULTIPLICATION"
        },
        {
          "count": 64,
          "keys": [
            [
              "SECRET",
              0
            ]
          ],
          "location": "loc(\"/Users/mulan/Library/Python/3.9/lib/python/site-packages/concrete/ml/onnx/onnx_impl_utils.py\":257:0)",
          "operation": "CLEAR_ADDITION"
        },
        {
          "count": 64,
          "keys": [
            [
              "KEY_SWITCH",
              0
            ]
          ],
          "location": "loc(\"/Users/mulan/Library/Python/3.9/lib/python/site-packages/concrete/ml/onnx/onnx_impl_utils.py\":257:0)",
          "operation": "KEY_SWITCH"
        },
        {
          "count": 64,
          "keys": [
            [
              "BOOTSTRAP",
              0
            ]
          ],
          "location": "loc(\"/Users/mulan/Library/Python/3.9/lib/python/site-packages/concrete/ml/onnx/onnx_impl_utils.py\":257:0)",
          "operation": "PBS"
        },
        {
          "count": 64,
          "keys": [
            [
              "SECRET",
              0
            ]
          ],
          "location": "loc(\"/Users/mulan/Library/Python/3.9/lib/python/site-packages/concrete/ml/onnx/onnx_impl_utils.py\":257:0)",
          "operation": "CLEAR_ADDITION"
        },
        {
          "count": 64,
          "keys": [
            [
              "SECRET",
              0
            ]
          ],
          "location": "loc(\"/Users/mulan/Library/Python/3.9/lib/python/site-packages/concrete/ml/onnx/onnx_impl_utils.py\":257:0)",
          "operation": "ENCRYPTED_NEGATION"
        },
        {
          "count": 64,
          "keys": [
            [
              "SECRET",
              0
            ]
          ],
          "location": "loc(\"/Users/mulan/Library/Python/3.9/lib/python/site-packages/concrete/ml/onnx/onnx_impl_utils.py\":257:0)",
          "operation": "ENCRYPTED_ADDITION"
        },
        {
          "count": 64,
          "keys": [
            [
              "SECRET",
              0
            ]
          ],
          "location": "loc(\"/Users/mulan/Library/Python/3.9/lib/python/site-packages/concrete/ml/onnx/onnx_impl_utils.py\":257:0)",
          "operation": "CLEAR_MULTIPLICATION"
        },
        {
          "count": 64,
          "keys": [
            [
              "SECRET",
              0
            ]
          ],
          "location": "loc(\"/Users/mulan/Library/Python/3.9/lib/python/site-packages/concrete/ml/onnx/onnx_impl_utils.py\":257:0)",
          "operation": "CLEAR_ADDITION"
        },
        {
          "count": 64,
          "keys": [
            [
              "KEY_SWITCH",
              0
            ]
          ],
          "location": "loc(\"/Users/mulan/Library/Python/3.9/lib/python/site-packages/concrete/ml/onnx/onnx_impl_utils.py\":257:0)",
          "operation": "KEY_SWITCH"
        },
        {
          "count": 64,
          "keys": [
            [
              "BOOTSTRAP",
              0
            ]
          ],
          "location": "loc(\"/Users/mulan/Library/Python/3.9/lib/python/site-packages/concrete/ml/onnx/onnx_impl_utils.py\":257:0)",
          "operation": "PBS"
        },
        {
          "count": 64,
          "keys": [
            [
              "SECRET",
              0
            ]
          ],
          "location": "loc(\"/Users/mulan/Library/Python/3.9/lib/python/site-packages/concrete/ml/onnx/onnx_impl_utils.py\":257:0)",
          "operation": "CLEAR_ADDITION"
        },
        {
          "count": 64,
          "keys": [
            [
              "SECRET",
              0
            ]
          ],
          "location": "loc(\"/Users/mulan/Library/Python/3.9/lib/python/site-packages/concrete/ml/onnx/onnx_impl_utils.py\":257:0)",
          "operation": "ENCRYPTED_NEGATION"
        },
        {
          "count": 64,
          "keys": [
            [
              "SECRET",
              0
            ]
          ],
          "location": "loc(\"/Users/mulan/Library/Python/3.9/lib/python/site-packages/concrete/ml/onnx/onnx_impl_utils.py\":257:0)",
          "operation": "ENCRYPTED_ADDITION"
        },
        {
          "count": 64,
          "keys": [
            [
              "SECRET",
              0
            ]
          ],
          "location": "loc(\"/Users/mulan/Library/Python/3.9/lib/python/site-packages/concrete/ml/onnx/onnx_impl_utils.py\":257:0)",
          "operation": "CLEAR_MULTIPLICATION"
        },
        {
          "count": 64,
          "keys": [
            [
              "SECRET",
              0
            ]
          ],
          "location": "loc(\"/Users/mulan/Library/Python/3.9/lib/python/site-packages/concrete/ml/onnx/onnx_impl_utils.py\":257:0)",
          "operation": "CLEAR_ADDITION"
        },
        {
          "count": 64,
          "keys": [
            [
              "KEY_SWITCH",
              0
            ]
          ],
          "location": "loc(\"/Users/mulan/Library/Python/3.9/lib/python/site-packages/concrete/ml/onnx/onnx_impl_utils.py\":257:0)",
          "operation": "KEY_SWITCH"
        },
        {
          "count": 64,
          "keys": [
            [
              "BOOTSTRAP",
              0
            ]
          ],
          "location": "loc(\"/Users/mulan/Library/Python/3.9/lib/python/site-packages/concrete/ml/onnx/onnx_impl_utils.py\":257:0)",
          "operation": "PBS"
        },
        {
          "count": 64,
          "keys": [
            [
              "SECRET",
              0
            ]
          ],
          "location": "loc(\"/Users/mulan/Library/Python/3.9/lib/python/site-packages/concrete/ml/onnx/onnx_impl_utils.py\":257:0)",
          "operation": "CLEAR_ADDITION"
        },
        {
          "count": 64,
          "keys": [
            [
              "SECRET",
              0
            ]
          ],
          "location": "loc(\"/Users/mulan/Library/Python/3.9/lib/python/site-packages/concrete/ml/onnx/onnx_impl_utils.py\":257:0)",
          "operation": "ENCRYPTED_NEGATION"
        },
        {
          "count": 64,
          "keys": [
            [
              "SECRET",
              0
            ]
          ],
          "location": "loc(\"/Users/mulan/Library/Python/3.9/lib/python/site-packages/concrete/ml/onnx/onnx_impl_utils.py\":257:0)",
          "operation": "ENCRYPTED_ADDITION"
        },
        {
          "count": 64,
          "keys": [
            [
              "SECRET",
              0
            ]
          ],
          "location": "loc(\"/Users/mulan/Library/Python/3.9/lib/python/site-packages/concrete/ml/onnx/onnx_impl_utils.py\":257:0)",
          "operation": "CLEAR_MULTIPLICATION"
        },
        {
          "count": 64,
          "keys": [
            [
              "SECRET",
              0
            ]
          ],
          "location": "loc(\"/Users/mulan/Library/Python/3.9/lib/python/site-packages/concrete/ml/onnx/onnx_impl_utils.py\":257:0)",
          "operation": "CLEAR_ADDITION"
        },
        {
          "count": 64,
          "keys": [
            [
              "KEY_SWITCH",
              0
            ]
          ],
          "location": "loc(\"/Users/mulan/Library/Python/3.9/lib/python/site-packages/concrete/ml/onnx/onnx_impl_utils.py\":257:0)",
          "operation": "KEY_SWITCH"
        },
        {
          "count": 64,
          "keys": [
            [
              "BOOTSTRAP",
              0
            ]
          ],
          "location": "loc(\"/Users/mulan/Library/Python/3.9/lib/python/site-packages/concrete/ml/onnx/onnx_impl_utils.py\":257:0)",
          "operation": "PBS"
        },
        {
          "count": 64,
          "keys": [
            [
              "SECRET",
              0
            ]
          ],
          "location": "loc(\"/Users/mulan/Library/Python/3.9/lib/python/site-packages/concrete/ml/onnx/onnx_impl_utils.py\":257:0)",
          "operation": "CLEAR_ADDITION"
        },
        {
          "count": 64,
          "keys": [
            [
              "SECRET",
              0
            ]
          ],
          "location": "loc(\"/Users/mulan/Library/Python/3.9/lib/python/site-packages/concrete/ml/onnx/onnx_impl_utils.py\":257:0)",
          "operation": "ENCRYPTED_NEGATION"
        },
        {
          "count": 64,
          "keys": [
            [
              "SECRET",
              0
            ]
          ],
          "location": "loc(\"/Users/mulan/Library/Python/3.9/lib/python/site-packages/concrete/ml/onnx/onnx_impl_utils.py\":257:0)",
          "operation": "ENCRYPTED_ADDITION"
        },
        {
          "count": 64,
          "keys": [
            [
              "SECRET",
              0
            ]
          ],
          "location": "loc(\"/Users/mulan/Library/Python/3.9/lib/python/site-packages/concrete/ml/onnx/onnx_impl_utils.py\":257:0)",
          "operation": "CLEAR_MULTIPLICATION"
        },
        {
          "count": 64,
          "keys": [
            [
              "SECRET",
              0
            ]
          ],
          "location": "loc(\"/Users/mulan/Library/Python/3.9/lib/python/site-packages/concrete/ml/onnx/onnx_impl_utils.py\":257:0)",
          "operation": "CLEAR_ADDITION"
        },
        {
          "count": 64,
          "keys": [
            [
              "KEY_SWITCH",
              0
            ]
          ],
          "location": "loc(\"/Users/mulan/Library/Python/3.9/lib/python/site-packages/concrete/ml/onnx/onnx_impl_utils.py\":257:0)",
          "operation": "KEY_SWITCH"
        },
        {
          "count": 64,
          "keys": [
            [
              "BOOTSTRAP",
              0
            ]
          ],
          "location": "loc(\"/Users/mulan/Library/Python/3.9/lib/python/site-packages/concrete/ml/onnx/onnx_impl_utils.py\":257:0)",
          "operation": "PBS"
        },
        {
          "count": 64,
          "keys": [
            [
              "SECRET",
              0
            ]
          ],
          "location": "loc(\"/Users/mulan/Library/Python/3.9/lib/python/site-packages/concrete/ml/onnx/onnx_impl_utils.py\":257:0)",
          "operation": "CLEAR_ADDITION"
        },
        {
          "count": 64,
          "keys": [
            [
              "SECRET",
              0
            ]
          ],
          "location": "loc(\"/Users/mulan/Library/Python/3.9/lib/python/site-packages/concrete/ml/onnx/onnx_impl_utils.py\":257:0)",
          "operation": "ENCRYPTED_NEGATION"
        },
        {
          "count": 64,
          "keys": [
            [
              "SECRET",
              0
            ]
          ],
          "location": "loc(\"/Users/mulan/Library/Python/3.9/lib/python/site-packages/concrete/ml/onnx/onnx_impl_utils.py\":257:0)",
          "operation": "ENCRYPTED_ADDITION"
        },
        {
          "count": 64,
          "keys": [
            [
              "SECRET",
              0
            ]
          ],
          "location": "loc(\"/Users/mulan/Library/Python/3.9/lib/python/site-packages/concrete/ml/onnx/onnx_impl_utils.py\":257:0)",
          "operation": "CLEAR_MULTIPLICATION"
        },
        {
          "count": 64,
          "keys": [
            [
              "SECRET",
              0
            ]
          ],
          "location": "loc(\"/Users/mulan/Library/Python/3.9/lib/python/site-packages/concrete/ml/onnx/onnx_impl_utils.py\":257:0)",
          "operation": "CLEAR_ADDITION"
        },
        {
          "count": 64,
          "keys": [
            [
              "KEY_SWITCH",
              0
            ]
          ],
          "location": "loc(\"/Users/mulan/Library/Python/3.9/lib/python/site-packages/concrete/ml/onnx/onnx_impl_utils.py\":257:0)",
          "operation": "KEY_SWITCH"
        },
        {
          "count": 64,
          "keys": [
            [
              "BOOTSTRAP",
              0
            ]
          ],
          "location": "loc(\"/Users/mulan/Library/Python/3.9/lib/python/site-packages/concrete/ml/onnx/onnx_impl_utils.py\":257:0)",
          "operation": "PBS"
        },
        {
          "count": 64,
          "keys": [
            [
              "SECRET",
              0
            ]
          ],
          "location": "loc(\"/Users/mulan/Library/Python/3.9/lib/python/site-packages/concrete/ml/onnx/onnx_impl_utils.py\":257:0)",
          "operation": "CLEAR_ADDITION"
        },
        {
          "count": 64,
          "keys": [
            [
              "SECRET",
              0
            ]
          ],
          "location": "loc(\"/Users/mulan/Library/Python/3.9/lib/python/site-packages/concrete/ml/onnx/onnx_impl_utils.py\":257:0)",
          "operation": "ENCRYPTED_NEGATION"
        },
        {
          "count": 64,
          "keys": [
            [
              "SECRET",
              0
            ]
          ],
          "location": "loc(\"/Users/mulan/Library/Python/3.9/lib/python/site-packages/concrete/ml/onnx/onnx_impl_utils.py\":257:0)",
          "operation": "ENCRYPTED_ADDITION"
        },
        {
          "count": 64,
          "keys": [
            [
              "SECRET",
              0
            ]
          ],
          "location": "loc(\"/Users/mulan/Library/Python/3.9/lib/python/site-packages/concrete/ml/onnx/onnx_impl_utils.py\":257:0)",
          "operation": "CLEAR_MULTIPLICATION"
        },
        {
          "count": 64,
          "keys": [
            [
              "SECRET",
              0
            ]
          ],
          "location": "loc(\"/Users/mulan/Library/Python/3.9/lib/python/site-packages/concrete/ml/onnx/onnx_impl_utils.py\":257:0)",
          "operation": "CLEAR_ADDITION"
        },
        {
          "count": 64,
          "keys": [
            [
              "KEY_SWITCH",
              0
            ]
          ],
          "location": "loc(\"/Users/mulan/Library/Python/3.9/lib/python/site-packages/concrete/ml/onnx/onnx_impl_utils.py\":257:0)",
          "operation": "KEY_SWITCH"
        },
        {
          "count": 64,
          "keys": [
            [
              "BOOTSTRAP",
              0
            ]
          ],
          "location": "loc(\"/Users/mulan/Library/Python/3.9/lib/python/site-packages/concrete/ml/onnx/onnx_impl_utils.py\":257:0)",
          "operation": "PBS"
        },
        {
          "count": 64,
          "keys": [
            [
              "SECRET",
              0
            ]
          ],
          "location": "loc(\"/Users/mulan/Library/Python/3.9/lib/python/site-packages/concrete/ml/onnx/onnx_impl_utils.py\":257:0)",
          "operation": "CLEAR_ADDITION"
        },
        {
          "count": 64,
          "keys": [
            [
              "SECRET",
              0
            ]
          ],
          "location": "loc(\"/Users/mulan/Library/Python/3.9/lib/python/site-packages/concrete/ml/onnx/onnx_impl_utils.py\":257:0)",
          "operation": "ENCRYPTED_NEGATION"
        },
        {
          "count": 64,
          "keys": [
            [
              "SECRET",
              0
            ]
          ],
          "location": "loc(\"/Users/mulan/Library/Python/3.9/lib/python/site-packages/concrete/ml/onnx/onnx_impl_utils.py\":257:0)",
          "operation": "ENCRYPTED_ADDITION"
        },
        {
          "count": 64,
          "keys": [
            [
              "SECRET",
              0
            ]
          ],
          "location": "loc(\"/Users/mulan/Library/Python/3.9/lib/python/site-packages/concrete/ml/onnx/onnx_impl_utils.py\":257:0)",
          "operation": "CLEAR_MULTIPLICATION"
        },
        {
          "count": 64,
          "keys": [
            [
              "SECRET",
              0
            ]
          ],
          "location": "loc(\"/Users/mulan/Library/Python/3.9/lib/python/site-packages/concrete/ml/onnx/onnx_impl_utils.py\":257:0)",
          "operation": "CLEAR_ADDITION"
        },
        {
          "count": 64,
          "keys": [
            [
              "KEY_SWITCH",
              0
            ]
          ],
          "location": "loc(\"/Users/mulan/Library/Python/3.9/lib/python/site-packages/concrete/ml/onnx/onnx_impl_utils.py\":257:0)",
          "operation": "KEY_SWITCH"
        },
        {
          "count": 64,
          "keys": [
            [
              "BOOTSTRAP",
              0
            ]
          ],
          "location": "loc(\"/Users/mulan/Library/Python/3.9/lib/python/site-packages/concrete/ml/onnx/onnx_impl_utils.py\":257:0)",
          "operation": "PBS"
        },
        {
          "count": 64,
          "keys": [
            [
              "SECRET",
              0
            ]
          ],
          "location": "loc(\"/Users/mulan/Library/Python/3.9/lib/python/site-packages/concrete/ml/onnx/onnx_impl_utils.py\":257:0)",
          "operation": "CLEAR_ADDITION"
        },
        {
          "count": 64,
          "keys": [
            [
              "SECRET",
              0
            ]
          ],
          "location": "loc(\"/Users/mulan/Library/Python/3.9/lib/python/site-packages/concrete/ml/onnx/onnx_impl_utils.py\":257:0)",
          "operation": "ENCRYPTED_NEGATION"
        },
        {
          "count": 64,
          "keys": [
            [
              "SECRET",
              0
            ]
          ],
          "location": "loc(\"/Users/mulan/Library/Python/3.9/lib/python/site-packages/concrete/ml/onnx/onnx_impl_utils.py\":257:0)",
          "operation": "ENCRYPTED_ADDITION"
        },
        {
          "count": 64,
          "keys": [
            [
              "SECRET",
              0
            ]
          ],
          "location": "loc(\"/Users/mulan/Library/Python/3.9/lib/python/site-packages/concrete/ml/onnx/onnx_impl_utils.py\":257:0)",
          "operation": "CLEAR_MULTIPLICATION"
        },
        {
          "count": 64,
          "keys": [
            [
              "SECRET",
              0
            ]
          ],
          "location": "loc(\"/Users/mulan/Library/Python/3.9/lib/python/site-packages/concrete/ml/onnx/onnx_impl_utils.py\":257:0)",
          "operation": "CLEAR_ADDITION"
        },
        {
          "count": 64,
          "keys": [
            [
              "KEY_SWITCH",
              0
            ]
          ],
          "location": "loc(\"/Users/mulan/Library/Python/3.9/lib/python/site-packages/concrete/ml/onnx/onnx_impl_utils.py\":257:0)",
          "operation": "KEY_SWITCH"
        },
        {
          "count": 64,
          "keys": [
            [
              "BOOTSTRAP",
              0
            ]
          ],
          "location": "loc(\"/Users/mulan/Library/Python/3.9/lib/python/site-packages/concrete/ml/onnx/onnx_impl_utils.py\":257:0)",
          "operation": "PBS"
        },
        {
          "count": 64,
          "keys": [
            [
              "SECRET",
              0
            ]
          ],
          "location": "loc(\"/Users/mulan/Library/Python/3.9/lib/python/site-packages/concrete/ml/onnx/onnx_impl_utils.py\":257:0)",
          "operation": "CLEAR_ADDITION"
        },
        {
          "count": 64,
          "keys": [
            [
              "SECRET",
              0
            ]
          ],
          "location": "loc(\"/Users/mulan/Library/Python/3.9/lib/python/site-packages/concrete/ml/onnx/onnx_impl_utils.py\":257:0)",
          "operation": "ENCRYPTED_NEGATION"
        },
        {
          "count": 64,
          "keys": [
            [
              "SECRET",
              0
            ]
          ],
          "location": "loc(\"/Users/mulan/Library/Python/3.9/lib/python/site-packages/concrete/ml/onnx/onnx_impl_utils.py\":257:0)",
          "operation": "ENCRYPTED_ADDITION"
        },
        {
          "count": 64,
          "keys": [
            [
              "SECRET",
              0
            ]
          ],
          "location": "loc(\"/Users/mulan/Library/Python/3.9/lib/python/site-packages/concrete/ml/onnx/onnx_impl_utils.py\":257:0)",
          "operation": "CLEAR_MULTIPLICATION"
        },
        {
          "count": 64,
          "keys": [
            [
              "SECRET",
              0
            ]
          ],
          "location": "loc(\"/Users/mulan/Library/Python/3.9/lib/python/site-packages/concrete/ml/onnx/onnx_impl_utils.py\":257:0)",
          "operation": "CLEAR_ADDITION"
        },
        {
          "count": 64,
          "keys": [
            [
              "KEY_SWITCH",
              0
            ]
          ],
          "location": "loc(\"/Users/mulan/Library/Python/3.9/lib/python/site-packages/concrete/ml/onnx/onnx_impl_utils.py\":257:0)",
          "operation": "KEY_SWITCH"
        },
        {
          "count": 64,
          "keys": [
            [
              "BOOTSTRAP",
              0
            ]
          ],
          "location": "loc(\"/Users/mulan/Library/Python/3.9/lib/python/site-packages/concrete/ml/onnx/onnx_impl_utils.py\":257:0)",
          "operation": "PBS"
        },
        {
          "count": 64,
          "keys": [
            [
              "SECRET",
              0
            ]
          ],
          "location": "loc(\"/Users/mulan/Library/Python/3.9/lib/python/site-packages/concrete/ml/onnx/onnx_impl_utils.py\":257:0)",
          "operation": "CLEAR_ADDITION"
        },
        {
          "count": 64,
          "keys": [
            [
              "SECRET",
              0
            ]
          ],
          "location": "loc(\"/Users/mulan/Library/Python/3.9/lib/python/site-packages/concrete/ml/onnx/onnx_impl_utils.py\":257:0)",
          "operation": "ENCRYPTED_NEGATION"
        },
        {
          "count": 64,
          "keys": [
            [
              "SECRET",
              0
            ]
          ],
          "location": "loc(\"/Users/mulan/Library/Python/3.9/lib/python/site-packages/concrete/ml/onnx/onnx_impl_utils.py\":257:0)",
          "operation": "ENCRYPTED_ADDITION"
        },
        {
          "count": 64,
          "keys": [
            [
              "SECRET",
              0
            ]
          ],
          "location": "loc(\"/Users/mulan/Library/Python/3.9/lib/python/site-packages/concrete/ml/onnx/ops_impl.py\":1172:0)",
          "operation": "CLEAR_ADDITION"
        },
        {
          "count": 64,
          "keys": [
            [
              "KEY_SWITCH",
              1
            ]
          ],
          "location": "loc(\"/Users/mulan/Library/Python/3.9/lib/python/site-packages/concrete/ml/onnx/ops_impl.py\":1172:0)",
          "operation": "KEY_SWITCH"
        },
        {
          "count": 64,
          "keys": [
            [
              "BOOTSTRAP",
              1
            ]
          ],
          "location": "loc(\"/Users/mulan/Library/Python/3.9/lib/python/site-packages/concrete/ml/onnx/ops_impl.py\":1172:0)",
          "operation": "PBS"
        },
        {
          "count": 64,
          "keys": [
            [
              "KEY_SWITCH",
              2
            ]
          ],
          "location": "loc(\"/Users/mulan/Library/Python/3.9/lib/python/site-packages/concrete/ml/onnx/ops_impl.py\":1172:0)",
          "operation": "KEY_SWITCH"
        },
        {
          "count": 4160,
          "keys": [
            [
              "SECRET",
              0
            ]
          ],
          "location": "loc(\"/Users/mulan/Library/Python/3.9/lib/python/site-packages/concrete/ml/onnx/ops_impl.py\":314:0)",
          "operation": "CLEAR_MULTIPLICATION"
        },
        {
          "count": 4160,
          "keys": [
            [
              "SECRET",
              0
            ]
          ],
          "location": "loc(\"/Users/mulan/Library/Python/3.9/lib/python/site-packages/concrete/ml/onnx/ops_impl.py\":314:0)",
          "operation": "ENCRYPTED_ADDITION"
        },
        {
          "count": 65,
          "keys": [
            [
              "SECRET",
              0
            ]
          ],
          "location": "loc(\"/Users/mulan/Library/Python/3.9/lib/python/site-packages/concrete/ml/onnx/onnx_impl_utils.py\":257:0)",
          "operation": "CLEAR_ADDITION"
        },
        {
          "count": 65,
          "keys": [
            [
              "SECRET",
              0
            ]
          ],
          "location": "loc(\"/Users/mulan/Library/Python/3.9/lib/python/site-packages/concrete/ml/onnx/onnx_impl_utils.py\":257:0)",
          "operation": "CLEAR_MULTIPLICATION"
        },
        {
          "count": 65,
          "keys": [
            [
              "SECRET",
              0
            ]
          ],
          "location": "loc(\"/Users/mulan/Library/Python/3.9/lib/python/site-packages/concrete/ml/onnx/onnx_impl_utils.py\":257:0)",
          "operation": "CLEAR_ADDITION"
        },
        {
          "count": 65,
          "keys": [
            [
              "KEY_SWITCH",
              0
            ]
          ],
          "location": "loc(\"/Users/mulan/Library/Python/3.9/lib/python/site-packages/concrete/ml/onnx/onnx_impl_utils.py\":257:0)",
          "operation": "KEY_SWITCH"
        },
        {
          "count": 65,
          "keys": [
            [
              "BOOTSTRAP",
              0
            ]
          ],
          "location": "loc(\"/Users/mulan/Library/Python/3.9/lib/python/site-packages/concrete/ml/onnx/onnx_impl_utils.py\":257:0)",
          "operation": "PBS"
        },
        {
          "count": 65,
          "keys": [
            [
              "SECRET",
              0
            ]
          ],
          "location": "loc(\"/Users/mulan/Library/Python/3.9/lib/python/site-packages/concrete/ml/onnx/onnx_impl_utils.py\":257:0)",
          "operation": "CLEAR_ADDITION"
        },
        {
          "count": 65,
          "keys": [
            [
              "SECRET",
              0
            ]
          ],
          "location": "loc(\"/Users/mulan/Library/Python/3.9/lib/python/site-packages/concrete/ml/onnx/onnx_impl_utils.py\":257:0)",
          "operation": "ENCRYPTED_NEGATION"
        },
        {
          "count": 65,
          "keys": [
            [
              "SECRET",
              0
            ]
          ],
          "location": "loc(\"/Users/mulan/Library/Python/3.9/lib/python/site-packages/concrete/ml/onnx/onnx_impl_utils.py\":257:0)",
          "operation": "ENCRYPTED_ADDITION"
        },
        {
          "count": 65,
          "keys": [
            [
              "SECRET",
              0
            ]
          ],
          "location": "loc(\"/Users/mulan/Library/Python/3.9/lib/python/site-packages/concrete/ml/onnx/onnx_impl_utils.py\":257:0)",
          "operation": "CLEAR_MULTIPLICATION"
        },
        {
          "count": 65,
          "keys": [
            [
              "SECRET",
              0
            ]
          ],
          "location": "loc(\"/Users/mulan/Library/Python/3.9/lib/python/site-packages/concrete/ml/onnx/onnx_impl_utils.py\":257:0)",
          "operation": "CLEAR_ADDITION"
        },
        {
          "count": 65,
          "keys": [
            [
              "KEY_SWITCH",
              0
            ]
          ],
          "location": "loc(\"/Users/mulan/Library/Python/3.9/lib/python/site-packages/concrete/ml/onnx/onnx_impl_utils.py\":257:0)",
          "operation": "KEY_SWITCH"
        },
        {
          "count": 65,
          "keys": [
            [
              "BOOTSTRAP",
              0
            ]
          ],
          "location": "loc(\"/Users/mulan/Library/Python/3.9/lib/python/site-packages/concrete/ml/onnx/onnx_impl_utils.py\":257:0)",
          "operation": "PBS"
        },
        {
          "count": 65,
          "keys": [
            [
              "SECRET",
              0
            ]
          ],
          "location": "loc(\"/Users/mulan/Library/Python/3.9/lib/python/site-packages/concrete/ml/onnx/onnx_impl_utils.py\":257:0)",
          "operation": "CLEAR_ADDITION"
        },
        {
          "count": 65,
          "keys": [
            [
              "SECRET",
              0
            ]
          ],
          "location": "loc(\"/Users/mulan/Library/Python/3.9/lib/python/site-packages/concrete/ml/onnx/onnx_impl_utils.py\":257:0)",
          "operation": "ENCRYPTED_NEGATION"
        },
        {
          "count": 65,
          "keys": [
            [
              "SECRET",
              0
            ]
          ],
          "location": "loc(\"/Users/mulan/Library/Python/3.9/lib/python/site-packages/concrete/ml/onnx/onnx_impl_utils.py\":257:0)",
          "operation": "ENCRYPTED_ADDITION"
        },
        {
          "count": 65,
          "keys": [
            [
              "SECRET",
              0
            ]
          ],
          "location": "loc(\"/Users/mulan/Library/Python/3.9/lib/python/site-packages/concrete/ml/onnx/onnx_impl_utils.py\":257:0)",
          "operation": "CLEAR_MULTIPLICATION"
        },
        {
          "count": 65,
          "keys": [
            [
              "SECRET",
              0
            ]
          ],
          "location": "loc(\"/Users/mulan/Library/Python/3.9/lib/python/site-packages/concrete/ml/onnx/onnx_impl_utils.py\":257:0)",
          "operation": "CLEAR_ADDITION"
        },
        {
          "count": 65,
          "keys": [
            [
              "KEY_SWITCH",
              0
            ]
          ],
          "location": "loc(\"/Users/mulan/Library/Python/3.9/lib/python/site-packages/concrete/ml/onnx/onnx_impl_utils.py\":257:0)",
          "operation": "KEY_SWITCH"
        },
        {
          "count": 65,
          "keys": [
            [
              "BOOTSTRAP",
              0
            ]
          ],
          "location": "loc(\"/Users/mulan/Library/Python/3.9/lib/python/site-packages/concrete/ml/onnx/onnx_impl_utils.py\":257:0)",
          "operation": "PBS"
        },
        {
          "count": 65,
          "keys": [
            [
              "SECRET",
              0
            ]
          ],
          "location": "loc(\"/Users/mulan/Library/Python/3.9/lib/python/site-packages/concrete/ml/onnx/onnx_impl_utils.py\":257:0)",
          "operation": "CLEAR_ADDITION"
        },
        {
          "count": 65,
          "keys": [
            [
              "SECRET",
              0
            ]
          ],
          "location": "loc(\"/Users/mulan/Library/Python/3.9/lib/python/site-packages/concrete/ml/onnx/onnx_impl_utils.py\":257:0)",
          "operation": "ENCRYPTED_NEGATION"
        },
        {
          "count": 65,
          "keys": [
            [
              "SECRET",
              0
            ]
          ],
          "location": "loc(\"/Users/mulan/Library/Python/3.9/lib/python/site-packages/concrete/ml/onnx/onnx_impl_utils.py\":257:0)",
          "operation": "ENCRYPTED_ADDITION"
        },
        {
          "count": 65,
          "keys": [
            [
              "SECRET",
              0
            ]
          ],
          "location": "loc(\"/Users/mulan/Library/Python/3.9/lib/python/site-packages/concrete/ml/onnx/onnx_impl_utils.py\":257:0)",
          "operation": "CLEAR_MULTIPLICATION"
        },
        {
          "count": 65,
          "keys": [
            [
              "SECRET",
              0
            ]
          ],
          "location": "loc(\"/Users/mulan/Library/Python/3.9/lib/python/site-packages/concrete/ml/onnx/onnx_impl_utils.py\":257:0)",
          "operation": "CLEAR_ADDITION"
        },
        {
          "count": 65,
          "keys": [
            [
              "KEY_SWITCH",
              0
            ]
          ],
          "location": "loc(\"/Users/mulan/Library/Python/3.9/lib/python/site-packages/concrete/ml/onnx/onnx_impl_utils.py\":257:0)",
          "operation": "KEY_SWITCH"
        },
        {
          "count": 65,
          "keys": [
            [
              "BOOTSTRAP",
              0
            ]
          ],
          "location": "loc(\"/Users/mulan/Library/Python/3.9/lib/python/site-packages/concrete/ml/onnx/onnx_impl_utils.py\":257:0)",
          "operation": "PBS"
        },
        {
          "count": 65,
          "keys": [
            [
              "SECRET",
              0
            ]
          ],
          "location": "loc(\"/Users/mulan/Library/Python/3.9/lib/python/site-packages/concrete/ml/onnx/onnx_impl_utils.py\":257:0)",
          "operation": "CLEAR_ADDITION"
        },
        {
          "count": 65,
          "keys": [
            [
              "SECRET",
              0
            ]
          ],
          "location": "loc(\"/Users/mulan/Library/Python/3.9/lib/python/site-packages/concrete/ml/onnx/onnx_impl_utils.py\":257:0)",
          "operation": "ENCRYPTED_NEGATION"
        },
        {
          "count": 65,
          "keys": [
            [
              "SECRET",
              0
            ]
          ],
          "location": "loc(\"/Users/mulan/Library/Python/3.9/lib/python/site-packages/concrete/ml/onnx/onnx_impl_utils.py\":257:0)",
          "operation": "ENCRYPTED_ADDITION"
        },
        {
          "count": 65,
          "keys": [
            [
              "SECRET",
              0
            ]
          ],
          "location": "loc(\"/Users/mulan/Library/Python/3.9/lib/python/site-packages/concrete/ml/onnx/onnx_impl_utils.py\":257:0)",
          "operation": "CLEAR_MULTIPLICATION"
        },
        {
          "count": 65,
          "keys": [
            [
              "SECRET",
              0
            ]
          ],
          "location": "loc(\"/Users/mulan/Library/Python/3.9/lib/python/site-packages/concrete/ml/onnx/onnx_impl_utils.py\":257:0)",
          "operation": "CLEAR_ADDITION"
        },
        {
          "count": 65,
          "keys": [
            [
              "KEY_SWITCH",
              0
            ]
          ],
          "location": "loc(\"/Users/mulan/Library/Python/3.9/lib/python/site-packages/concrete/ml/onnx/onnx_impl_utils.py\":257:0)",
          "operation": "KEY_SWITCH"
        },
        {
          "count": 65,
          "keys": [
            [
              "BOOTSTRAP",
              0
            ]
          ],
          "location": "loc(\"/Users/mulan/Library/Python/3.9/lib/python/site-packages/concrete/ml/onnx/onnx_impl_utils.py\":257:0)",
          "operation": "PBS"
        },
        {
          "count": 65,
          "keys": [
            [
              "SECRET",
              0
            ]
          ],
          "location": "loc(\"/Users/mulan/Library/Python/3.9/lib/python/site-packages/concrete/ml/onnx/onnx_impl_utils.py\":257:0)",
          "operation": "CLEAR_ADDITION"
        },
        {
          "count": 65,
          "keys": [
            [
              "SECRET",
              0
            ]
          ],
          "location": "loc(\"/Users/mulan/Library/Python/3.9/lib/python/site-packages/concrete/ml/onnx/onnx_impl_utils.py\":257:0)",
          "operation": "ENCRYPTED_NEGATION"
        },
        {
          "count": 65,
          "keys": [
            [
              "SECRET",
              0
            ]
          ],
          "location": "loc(\"/Users/mulan/Library/Python/3.9/lib/python/site-packages/concrete/ml/onnx/onnx_impl_utils.py\":257:0)",
          "operation": "ENCRYPTED_ADDITION"
        },
        {
          "count": 65,
          "keys": [
            [
              "SECRET",
              0
            ]
          ],
          "location": "loc(\"/Users/mulan/Library/Python/3.9/lib/python/site-packages/concrete/ml/onnx/onnx_impl_utils.py\":257:0)",
          "operation": "CLEAR_MULTIPLICATION"
        },
        {
          "count": 65,
          "keys": [
            [
              "SECRET",
              0
            ]
          ],
          "location": "loc(\"/Users/mulan/Library/Python/3.9/lib/python/site-packages/concrete/ml/onnx/onnx_impl_utils.py\":257:0)",
          "operation": "CLEAR_ADDITION"
        },
        {
          "count": 65,
          "keys": [
            [
              "KEY_SWITCH",
              0
            ]
          ],
          "location": "loc(\"/Users/mulan/Library/Python/3.9/lib/python/site-packages/concrete/ml/onnx/onnx_impl_utils.py\":257:0)",
          "operation": "KEY_SWITCH"
        },
        {
          "count": 65,
          "keys": [
            [
              "BOOTSTRAP",
              0
            ]
          ],
          "location": "loc(\"/Users/mulan/Library/Python/3.9/lib/python/site-packages/concrete/ml/onnx/onnx_impl_utils.py\":257:0)",
          "operation": "PBS"
        },
        {
          "count": 65,
          "keys": [
            [
              "SECRET",
              0
            ]
          ],
          "location": "loc(\"/Users/mulan/Library/Python/3.9/lib/python/site-packages/concrete/ml/onnx/onnx_impl_utils.py\":257:0)",
          "operation": "CLEAR_ADDITION"
        },
        {
          "count": 65,
          "keys": [
            [
              "SECRET",
              0
            ]
          ],
          "location": "loc(\"/Users/mulan/Library/Python/3.9/lib/python/site-packages/concrete/ml/onnx/onnx_impl_utils.py\":257:0)",
          "operation": "ENCRYPTED_NEGATION"
        },
        {
          "count": 65,
          "keys": [
            [
              "SECRET",
              0
            ]
          ],
          "location": "loc(\"/Users/mulan/Library/Python/3.9/lib/python/site-packages/concrete/ml/onnx/onnx_impl_utils.py\":257:0)",
          "operation": "ENCRYPTED_ADDITION"
        },
        {
          "count": 65,
          "keys": [
            [
              "SECRET",
              0
            ]
          ],
          "location": "loc(\"/Users/mulan/Library/Python/3.9/lib/python/site-packages/concrete/ml/onnx/ops_impl.py\":924:0)",
          "operation": "CLEAR_ADDITION"
        },
        {
          "count": 65,
          "keys": [
            [
              "KEY_SWITCH",
              1
            ]
          ],
          "location": "loc(\"/Users/mulan/Library/Python/3.9/lib/python/site-packages/concrete/ml/onnx/ops_impl.py\":924:0)",
          "operation": "KEY_SWITCH"
        },
        {
          "count": 65,
          "keys": [
            [
              "BOOTSTRAP",
              1
            ]
          ],
          "location": "loc(\"/Users/mulan/Library/Python/3.9/lib/python/site-packages/concrete/ml/onnx/ops_impl.py\":924:0)",
          "operation": "PBS"
        },
        {
          "count": 130,
          "keys": [
            [
              "SECRET",
              2
            ]
          ],
          "location": "loc(\"/Users/mulan/Library/Python/3.9/lib/python/site-packages/concrete/ml/onnx/ops_impl.py\":314:0)",
          "operation": "CLEAR_MULTIPLICATION"
        },
        {
          "count": 130,
          "keys": [
            [
              "SECRET",
              2
            ]
          ],
          "location": "loc(\"/Users/mulan/Library/Python/3.9/lib/python/site-packages/concrete/ml/onnx/ops_impl.py\":314:0)",
          "operation": "ENCRYPTED_ADDITION"
        }
      ],
      "totalInputsSize": 1368,
      "totalOutputsSize": 32784
    }
  ],
  "complexity": 87592377693,
  "globalPError": 4.2344604055542057e-10,
  "pError": 8.6692689570546067e-13,
  "totalBootstrapKeysSize": 2050080768,
  "totalKeyswitchKeysSize": 109187072,
  "totalSecretKeysSize": 38200
}